{"epoch/loss":1.2799731492996216,"_wandb":{"runtime":126},"epoch/accuracy":0.4298365116119385,"_timestamp":1.7377452136268249e+09,"epoch/val_loss":1.2599557638168335,"epoch/learning_rate":9.999999747378752e-05,"epoch/val_accuracy":0.4005449712276459,"_step":2,"epoch/epoch":2,"_runtime":123.6605318}