{"epoch/accuracy":0.4683840870857239,"epoch/loss":1.4016212224960327,"_step":9,"epoch/val_accuracy":0.45098039507865906,"epoch/epoch":9,"epoch/learning_rate":0.0010000000474974513,"_wandb":{"runtime":67},"epoch/val_loss":1.354999303817749,"_timestamp":1.737789142058888e+09,"_runtime":66.8522402}